dia_semana,n_transacciones,monto_neto,ticket_medio_abs
Thursday,457,-23855.11,67.03739606126915
Friday,442,-21831.99,66.03889140271492
Saturday,379,-18532.17,66.13886543535621
Monday,366,-17961.69,69.05035519125683
Wednesday,361,-12370.08,62.16155124653739
Tuesday,350,-15814.92,68.69074285714285
Sunday,326,-16604.89,64.96046012269939
