categoria,promedio_gasto
taxi,81.86375675675676
restaurants,79.75994490358127
Other Travel,79.38
food,78.89088948787062
fuel,78.6330623306233
beauty,78.09318421052632
Phone/Cable,66.55
Health Care,52.8204347826087
Merchandise,37.630384615384614
Gas/Automotive,24.33818181818182
Other Services,21.130625
Dining,17.47772727272727
Fee/Interest Charge,5.136428571428572
Other,1.9766666666666666
gaz,
air,
Payment/Credit,
