prioridad,n_transacciones,monto_neto,ticket_medio_abs
low,1598,-77973.99,64.63269712140175
medium,1030,-52229.97,66.73185436893203
high,53,3233.11,109.55981132075472
